title,link,body
,https://www.saeb.ba.gov.br/2024/01/11879/SAC-realiza-atendimento-especial-para-RG-em-seis-postos-do-interior-neste-sabado-6.html,"Os postos SAC Alagoinhas, Feira II, Jacobina, Jequié, Senhor do Bonfim e Teixeira de Freitas realizam um atendimento especial para RG neste sábado (6). Para tirar o RG é necessário apresentar certidão de nascimento (ou de estado civil) original e o número do CPF. A 1ª via do documento é gratuita. A partir da 2ª via é preciso pagar uma taxa de R$ 48,35.	Vale ressaltar que o horário de atendimento nos postos será de 8h às 12h, através de agendamento. Para agendar, é só baixar o aplicativo ou acessar o portal de serviços do Estado (www.ba.gov.br). Outras informações podem ser obtidas no site institucional do SAC (www.sac.ba.gov.br) e no call center: (71) 4020-5353 (ligação de celular) ou 0800 071 5353 (ligação de fixo)."
"Rede SAC encerrou 2023 com mais de 87 mil documentos esquecidos; saiba como retirar",https://www.saeb.ba.gov.br/2024/01/11878/Rede-SAC-encerrou-2023-com-mais-de-87-mil-documentos-esquecidos-saiba-como-retirar.html,"Este é o número de documentos represados aguardando retirada: 87.015 mil. De acordo com balanço realizado pelo Serviço de Atendimento ao Cidadão (SAC) em 2023, no total, são 50.776 carteiras de habilitação (CNH); 33.983 carteiras de identidade; e 2.256 passaportes. Os documentos podem ser destruídos, caso não sejam retirados entre as 81 unidades fixas da Rede SAC. O RG, após seis meses represado na unidade, é incinerado. A CNH é represada de acordo com seu prazo de validade.  Entre os postos da capital e Região Metropolitana de Salvador (RMS), o SAC Shopping da Bahia possui o maior montante de documentos represados (10.207), seguido pelo SAC Salvador Shopping (7.923) e o SAC Barra (5.176) No interior do Estado quem lidera o ranking de documentos represados é o SAC Conquista II, no Boulevard Shopping (5.426); seguido pelo SAC Feira II (2.293) e o SAC Ilhéus (2.226).A diretora Operacional do SAC, Nilza Rios, destaca que esse montante acarreta em problemas de armazenamento nos postos. ""É preciso criar espaços nas unidades para guardar esses documentos, além de alocar funcionários para fazer a guarda e organizar. Então, é fundamental que o cidadão vá ao posto buscar o seu documento"", salientou. O procedimento de retirada do documento é simples: basta ir à unidade onde foi feita a solicitação e retirar, sem necessidade de agendamento prévio. Para outras informações, a Secretaria da Administração (Saeb) disponibiliza o aplicativo e portal de serviços do Estado (www.ba.gov.br) e o site institucional do SAC (www.sac.ba.gov.br), além do call center: (71) 4020-5353 (ligação de celular) ou 0800 071 5353 (ligação de fixo)."
"Postos SAC de Salvador e RMS cadastram biometria facial do Planserv",https://www.saeb.ba.gov.br/2023/12/11877/Postos-SAC-de-Salvador-e-RMS-cadastram-biometria-facial-do-Planserv.html,"A partir de hoje (26), os beneficiários do Planserv vão contar com postos da rede SAC de Salvador e RMS para cadastrar a biometria facial, que em janeiro passará a ser exigida para os atendimentos da Assistência (consultas, exames e cirurgias). O cadastramento da biometria pode ser feito também pelo aplicativo móvel do Planserv (disponível nas lojas da Google e Apple) e no ato do atendimento na rede prestadora. O serviço estará disponível nas unidades do Shopping da Bahia, Salvador Shopping, Bela Vista, Pituaçu, Pau da lima, Pernambués, Barra, Comércio, Liberdade, Cajazeiras e Periperi. Na RMS, em Simões Filho, Candeias, Camaçari e Lauro de Freitas.  O serviço pode ser agendado nos postos que atendem via agendamento ou por demanda espontânea nas unidades que não dispõem do agendamento. Os horários e modalidades de atendimento podem ser conferidos no site no site da rede SAC (http://www.sac.ba.gov.br/).Para fazer o cadastramento, basta apresentar documento com foto e a carteira do Planserv ou o número do CPF. No caso de menores de 12 anos, será aceito, como documento de identificação, a certidão de nascimento. Com a inclusão dos postos SAC, o Planserv amplia as opções do cadastro da biometria, medida adotada para garantir agilidade e segurança aos beneficiários e prestadores.                          Com a inclusão dos postos SAC, o Planserv amplia as opções do cadastro da biometria, medida adotada para garantir agilidade e segurança aos beneficiários e prestadores.  “É muito importante que todos façam esse registro do reconhecimento facial porque nossa meta é garantir o acesso aos serviços, incorporando cada vez mais tecnologia à nossa assistência”, afirma a coordenadora-geral do Planserv, TV Socorro Brito. "
,https://www.saeb.ba.gov.br/2023/12/11876/Apresentacao-de-CPF-passa-a-ser-obrigatoria-para-emissao-de-RG.html,"O Instituto de Identificação Pedro Mello (IIPM) - em parceria com a Rede SAC - informa que, em atendimento à Lei Federal 14.534/2023, a partir desta terça-feira (26), será obrigatória a apresentação de documento com o número do CPF (Cadastro de Pessoa Física) para a emissão da Carteira de Identidade.  A nova legislação trata do Cadastro de Pessoa Física (CPF) como número suficiente para identificação do cidadão. A obrigatoriedade vale tanto para a solicitação de primeira via do RG quanto para as demais, e as certidões (nascimento, casamento, ou casamento com averbação do divórcio) continuarão sendo exigidas normalmente.A comprovação do CPF pode ser feita mediante a apresentação tanto do cartão CPF (emitido com base na legislação anterior) e do comprovante de situação cadastral ou inscrição no CPF, quanto de outros documentos onde conste o número do Cadastro de Pessoa Física, a exemplo da própria Carteira de Identidade, da Carteira Nacional de Habilitação, Certidão de Nascimento ou Casamento, Carteira de Trabalho e Previdência Social (CTPS), Passaporte e Carteira de Identidade Militar expedida por órgão oficial, além de carteira de identidade profissional expedida por órgãos fiscalizadores de exercício de profissão regulamentada e carteiras funcionais emitidas por órgãos públicos válidas como documento de identificação em todo território nacional, Os documentos podem ser apresentados em suas versões física ou digital. Vale ressaltar que, no caso do formato digital, a conferência do número do CPF será feita exclusivamente por meio de acesso ao documento no aplicativo do órgão emissor, utilizando o meio do dispositivo móvel do solicitante no momento do atendimento."
,https://www.saeb.ba.gov.br/2023/12/11875/Evento-sobre-a-nova-lei-de-licitacoes-mobiliza-mais-de-600-servidores-estaduais.html,"Na reta final do período de transição para a nova legislação estadual de licitações e contratos, mais de 600 servidores estaduais que atuam com compras públicas acompanharam virtualmente e de forma presencial na tarde de hoje (21.12) um evento de capacitação sobre o tema, no auditório do Instituto Anísio Teixeira (IAT). Realização da Secretaria da Administração do Estado (Saeb) – por meio da Coordenação Central de Licitação (CCL) e da Superintendência de Recursos Logísticos (SRL) –, e em parceria com a Auditoria Geral do Estado, o evento Diálogos sobre a Nova Lei de Licitações colocou em pauta, com transmissão ao vivo pelo YouTube, temas como o rito adotado em pregões e concorrências, a gestão de  riscos nos processos de contratação e as mais diversas novidades trazidas pela nova legislação.“Nós fizemos questão de fazer este evento na reta final da transição para dizer que estamos juntos e de portas abertas para tirar dúvidas e compartilhar conhecimentos”, sinalizou a coordenadora geral da CCL/Saeb, Tatiana Amorim, ao lembrar das diversas atividades de capacitação promovidas pelo Estado ao longo dos últimos anos com o objetivo de preparar as equipes para a mudança. Outro ponto destacado pela coordenadora foram as vantagens proporcionadas pelo  período de convivência de normas - previsto para se encerrar ao próximo dia 29 de dezembro – no qual estiveram vigentes tanto a nova Lei nº 14.634/2023, publicada no último mês de novembro, quanto a sua antecessora, a Lei nº 9.433, de 2005. “Este período foi muito importante para garantir segurança às nossas rotinas, mas chegou a hora de nos lançarmos em direção às mudanças que a administração pública precisa”, ressaltou Tatiana. Na sequência da palestra, o auditor geral Luis Augusto Rocha e o auditor fiscal Victor Pinheiro (AGE/Sefaz) fizeram uma apresentação sobre gestão de riscos e controles internos nos processos de contratação. Já a superintendente de Recursos Logísticos da Saeb Liliane Brito  abordou as principais alterações introduzidas pelas normas estadual e federal nas rotinas e contratações do Poder Executivo Estadual. Criada com o objetivo de adequar rotinas e disciplinar a aplicação, no Estado da Bahia, da Lei Federal nº. 14.133/2021, a nova legislação estadual viabiliza a adoção de uma série de inovações voltadas para garantir mais transparência, economicidade e eficiência aos processos de compras e contratações públicas. Entre as novidades estão, por exemplo, a criação da modalidade de licitação “diálogo competitivo” e a adoção do formato eletrônico como regra para licitações, além de medidas como a proibição de aquisição de itens de luxo,  a previsão do uso de meios alternativos para resolução de controvérsias (conciliação, mediação) e a possibilidade de celebração de contratos com a administração pública por até cinco anos."
"Saeb arrecada cerca de 30 toneladas de alimentos para o Bahia Sem Fome",https://www.saeb.ba.gov.br/2023/12/11874/Saeb-arrecada-cerca-de-30-toneladas-de-alimentos-para-o-Bahia-Sem-Fome.html,"A Secretaria da Administração (Saeb) encerrou com chave de ouro o ciclo de ações solidárias em prol do Programa Bahia Sem Fome, arrecadando aproximadamente 30 toneladas de alimentos desde março de 2023. Essa iniciativa é vital para garantir o acesso a alimentos em qualidade e quantidade necessárias àqueles em situação de vulnerabilidade social.Somente no mês de dezembro, a Saeb arrecadou 1,7 tonelada de alimentos não perecíveis por meio de duas ações estratégicas: o Bazar Solidário e o Natal Solidário. O Bazar, realizado nos dias 06 e 07 deste mês, na Saeb, foi marcado pela doação de roupas femininas, masculinas e infantis, além de acessórios de moda e calçados que foram precificados de acordo com os quilos de alimentos correspondentes às peças. Engajados à causa, os servidores aderiram ao bazar, e na ocasião, foram arrecadados 400 quilos de alimentos.Já o Natal Solidário, ocorrido no dia 14 deste mês, proporcionou uma dinâmica na qual a doação de dois quilos de alimentos dava direito à participação de sorteio de eletrônicos e eletrodomésticos. O evento contou ainda com apresentações musicais de colaboradores da Saeb, cantores externos e da banda da Polícia Militar da Bahia.Nessa iniciativa foi arrecadada 1,3 tonelada de alimentos, que foram entregues ao Corpo de Bombeiros e, posteriormente, destinados ao Bahia Sem Fome. O Bazar Solidário foi articulado pela coordenação do Programa Bahia.Estado Voluntário. Já o Natal Solidário foi realizado pela Superintendência de Patrimônio (Supat), ambas ligadas à Saeb.A união faz a forçaKátia Camillo, coordenadora do Programa Bahia.Estado Voluntário, agradeceu a adesão e a atuação conjunta dos colaboradores a todas as estratégias adotadas pela secretaria. “Estamos muito felizes com a solidariedade e a participação efetiva de todos. Nós realmente fizemos a diferença em nosso Estado”, disse.Para o superintendente de Recursos Humanos, Adriano Tambone, a sensibilização é fundamental para a mobilização no voluntariado. “É de fato um trabalho de sensibilizar as pessoas, mostrando que cada um pode contribuir um pouco para que a gente consiga ajudar quem precisa. O importante é não perder de vista este espírito de solidariedade”, salientou.O superintendente de patrimônio, Hemerson Cardoso Guimarães, enfatizou a importância do espírito coletivo em todas as iniciativas realizadas pela secretaria. “O Natal é uma época de confraternização, de solidariedade. Por isso pensamos em promover o Natal Solidário e quero dizer que, sem a ajuda dos colaboradores, não chegaríamos a esse resultado. O sentimento é de gratidão”, concluiu.Adriana Gusmão, diretora geral, enfatizou a importância do exercício da solidariedade. “Doar é um ato de amor e todos vocês participaram desse ato! Tenho muita gratidão a todos que participaram e colaboraram conosco”. Nilza Rios, diretora operacional, reiterou o sentimento de gratidão. “Essa entrega tão substancial demonstra o quanto a gente tem pensado no outro. A Saeb está de parabéns. Tenham certeza que vocês estão ajudando muitas famílias”, finalizou.VoluntariadoO voluntariado transforma! Prova disso foi a união entre colaboradores da própria Saeb e voluntários da plataforma Bahia.Estado Voluntário, fundamental para o sucesso de todas as iniciativas em prol de um bem comum: ajudar pessoas em situação de vulnerabilidade social.Outras açõesDurante os nove meses de ações voltadas para o programa Bahia Sem Fome, a Saeb promoveu diversas iniciativas para engajar os colaboradores e arrecadar donativos para o programa estadual. Eventos como o SAC SolidÃ¡rio; show de comÃ©dia do grupo ClÃ£ Baiano; feira de livros; concerto beneficente; bazar solidÃ¡rio, alÃ©m das arrecadaÃ§Ãµes de alimentos atravÃ©s dos pontos de coleta nas unidades da Rede SAC; doaÃ§Ãµes internas dos prÃ³prios colaboradores da Saeb e de empresas parceiras.Quem tem fome, tem pressa!O Bahia Sem Fome é o Programa Estadual de Combate à Fome do Governo do Estado da Bahia, e tem como principal meta assegurar às pessoas em situação de vulnerabilidade social o acesso a alimentos em qualidade e quantidade necessárias à garantia do direito humano à alimentação adequada e saudável, bem como promover a segurança alimentar e nutricional, reduzindo os índices de insegurança alimentar grave no Estado da Bahia, com foco nas famílias extremamente pobres no campo e na cidade."
,https://www.saeb.ba.gov.br/2023/12/11872/Confira-o-funcionamento-da-Rede-SAC-no-periodo-de-fim-de-ano.html,"Nos sábados dos dias 23 e 30 de dezembro, a Rede SAC atuará nas unidades de shoppings na capital: Shopping da Bahia; Barra; Bela Vista e Salvador Shopping. Na região metropolitana de Salvador, o atendimento será realizado normalmente no Parque Shopping Bahia, em Lauro de Freitas, e no Boulevard Shopping Camaçari.Já nos dias 25 de dezembro de 2023, além de 1° de janeiro de 2024, todas as unidades da Rede SAC de Salvador, região metropolitana e interior ficam fechadas, incluindo as carretas do SAC Móvel.Serviços online como CNH definitiva; consulta de multas e licenciamento dentre outros, podem ser acessados através do portal de serviços do Estado (www.ba.gov.br).Para outras informações, a Saeb disponibiliza o site institucional do SAC (www.sac.ba.gov.br) e o call center: (71) 4020-5353 (ligaÃ§Ã£o de celular) ou 0800 071 5353 (ligaÃ§Ã£o de fixo)."
,https://www.saeb.ba.gov.br/2023/12/11871/Volta-as-aulas-com-desconto-instituicoes-de-ensino-ofertam-abatimentos-para-filhos-de-servidores.html,"Os funcionários públicos do Estado que farão a matrícula escolar dos seus dependentes, em 2024, podem usar a rede credenciada do Clube de Desconto do Servidor, com estabelecimentos de ensino que oferecem abatimentos entre 10% e 70%. A oferta é valida para servidores estaduais, beneficiários do Planserv, funcionários do Ministério Público (MP), dos tribunais de Contas do Estado (TCE) e dos Municípios (TCM).Para ter acesso aos descontos, o servidor deve apresentar comprovação de vínculo com o estado, o contracheque acompanhado de um documento de identificação com foto. Beneficiários do Planserv devem apresentar a carteira virtual. Vale ressaltar que os descontos não são cumulativos com outras promoções.O Colégio Acadêmico concede 70% de desconto na matrícula e até 55% de desconto em todo o curso, para novos alunos da educação infantil ao ensino médio. Além do desconto nas mensalidades, o aluno terá 50% de desconto no material didático e um conjunto de farda gratuito (2 camisas s/manga e 1 short). Interessados devem entrar em contato com o consultor Laerte para obter mais detalhes sobre a oferta: (71) 9-9967-1217 ou através do e-mail: laerte.braga@colegioacademicoba.com.br.O Colégio Marista, localizado na capital baiana, concede 10% de abatimento nas mensalidades da educação básica regular,exceto na primeira parcela. Para consultar o regulamento, basta entrar em contato com a instituição de ensino através do telefone (71) 3114-6350 ou por e-mail relacionamento.salvador@marista.edu.br. O Marista está situado na Rua Manoel Galvão, nº 655, Pituaçu. Outros dados podem ser obtidos no site: www.marista.edu.br/patamares.Em Ilhéus, o Colégio Impacto oferta 30% de desconto nas mensalidades escolares, com exceção para a matrícula. A unidade está localizada na Rua Ramiro de Castro, 63, no Centro do município. Mais informações podem ser obtidas pelo telefone: (73) 3634-7064 ou através do site: www.impactoilheus.com.br.Os servidores estaduais contam com 15% de abatimento nas mensalidades de fevereiro a dezembro para ensino infantil, fundamental e médio no Colégio Emmanuel Kant. Em Salvador, o colégio tem duas sedes nos bairros Iapi e Caixa D´Àgua. Mais informações através dos contatos: (71) 3381-727 / 9.9269-7329 / colegiokant@colegiokant.com.br / www.colegiokant.com.br.Já o Colégio Ana Tereza, responsável pelo ensino infantil ao terceiro ano do ensino médio, oferta 10% de desconto sobre o valor das mensalidades. O colégio fica na Rua São Marcos, no bairro Pau da Lima. Saiba mais: (71) 3393-1115 ou através do site (www.colegioanatereza.com.br).Para ver a lista completa das instituições de ensino parceiras do Clube de Desconto, basta acessar o RH Bahia (www.rhbahia.ba.gov.br), no canal Servidores-BenefÃ­cios-Clube de Desconto. Taxas, informaÃ§Ãµes sobre inclusÃ£o de dependentes e valores adicionais podem ser consultados na pÃ¡gina do Clube de Desconto atravÃ©s desse link.Clube de Desconto - Iniciativa da Secretaria da Administração (Saeb), o Clube de Desconto do Servidor tem o objetivo de conceder abatimentos especiais em produtos e serviços para mais de 270 mil beneficiários, em parceria com empresas credenciadas em mais de 26 segmentos diferentes. Para saber mais sobre o programa, acesse o RH Bahia (https://rhbahia.ba.gov.br/). "
,https://www.saeb.ba.gov.br/2023/12/11870/Evento-capacita-equipes-do-Estado-para-a-adocao-da-nova-lei-de-licitacoes.html,"Os servidores estaduais que atuam com compras públicas têm uma oportunidade única para tirar dúvidas e aprofundar seus conhecimentos sobre a aplicação da nova legislação estadual de licitações e contratos. Nesta quinta-feira, das 13h30 às 18h, será promovido no Instituto Anísio Teixeira (IAT) o evento Diálogos sobre a Nova Lei de Licitações, com uma agenda de palestras especialmente voltadas para o tema.  Realização da Secretaria da Administração do Estado (Saeb) – por meio da Coordenação Central de Licitação (CCL) e da Superintendência de Recursos Logísticos (SRL) –, e em parceria com a Auditoria Geral do Estado, o evento ocorre nos últimos dias do período de convivência –, previsto para se encerrar ao próximo dia 29 de dezembro – entre a nova Lei nº 14.634/2023, publicada no último mês de novembro, e sua antecessora, a Lei nº 9.433, de 2005. “Trata-se de um bate-papo técnico, com palestras que visam capacitar as equipes sobre as mais diversas rotinas relacionadas ao novo regramento”, explica a coordenadora geral da CCL/Saeb, Tatiana Amorim. Primeira palestrante do evento, Tatiana irá abordar em sua apresentação, às 14h, o Rito Procedimental Comum, uma série de etapas que, de acordo com a nova legislação, devem ser seguidas para a realização de licitações nas modalidades pregão e concorrência.Na sequência do evento, o auditor geral Luis Augusto Rocha e o auditor fiscal Victor Pinheiro (AGE/Sefaz) farão uma explanação sobre gestão de riscos e controles internos nos processos de contratação. Já na terceira e última palestra da tarde, a superintendente de Recursos Logísticos da Saeb, Liliane Brito irá discorrer sobre as principais alterações introduzidas pelas normas estadual e federal nas rotinas e contratações do Poder Executivo Estadual. Criada com o objetivo de adequar rotinas e disciplinar a aplicação, no Estado da Bahia, da Lei Federal nº. 14.133/2021, a nova legislação estadual viabiliza a adoção de uma série de inovações voltadas para garantir mais transparência, economicidade e eficiência aos processos de compras e contratações públicas. Entre as novidades estão, por exemplo, a criação da modalidade de licitação “diálogo competitivo” e a adoção do formato eletrônico como regra para licitações, além de  medidas  como a proibição de aquisição de itens de luxo,  a previsão do uso de meios alternativos para resolução de controvérsias (conciliação, mediação) e a possibilidade de celebração de contratos com a administração pública por até cinco anos.Clique aqui para acompanhar a transmissão ao vivo: ]https://www.youtube.com/watch?v=Qa4FNTMgGok"
"Estado convoca mais 57 aprovados no concurso para Agente de Tributos da Secretaria da Fazenda",https://www.saeb.ba.gov.br/2023/12/11869/Estado-convoca-mais-57-aprovados-no-concurso-para-Agente-de-Tributos-da-Secretaria-da-Fazenda.html,
,https://www.saeb.ba.gov.br/2023/12/11868/SAC-Movel-atende-a-populacao-no-Salvador-Norte-Shopping-a-partir-desta-terca-19.html,"O SAC Móvel vai atender aos cidadãos no Salvador Norte Shopping, em São Cristóvão, a partir desta terça-feira (19). A unidade itinerante da Rede SAC vai funcionar no local até a próxima sexta-feira (22), das 8h30 às 17h, com atendimento por ordem de chegada. A carreta vai estar no piso L1 do Salvador Norte Shopping, no estacionamento externo, em frente à entrada principal. Estarão disponíveis os serviços de emissão de Carteira de Identidade, expedição de Certidão de Antecedentes Criminais, Recadastramento de Aposentados e Pensionistas (prova de vida), além de atendimento do Procon, da Ouvidoria Geral do Estado. A Secretaria de Políticas para Mulheres também vai oferecer orientações e informações para mulheres."
,https://www.saeb.ba.gov.br/2023/12/11866/Governo-autoriza-processo-licitatorio-para-abertura-de-concurso-para-a-Policia-Penal.html,"O governador Jerônimo Rodrigues assinou, nesta segunda-feira (12), no Centro Administrativo da Bahia (CAB), documento que autoriza a Secretaria da Administração Penitenciária e Ressocialização (Seap) e a Secretaria da Administração (Saeb) a adotarem medidas para a abertura de concurso com 287 vagas para policiais penais. Os agentes deverão atender as 28 unidades prisionais da Bahia.Segundo o chefe do executivo, o concurso é parte do projeto de qualificação do sistema prisional, através não só de investimentos nos equipamentos, como do aumento de efetivo para atender às necessidades dos presídios em todo o estado. “Essa agenda é um compromisso com o nosso programa de governo. Vamos aumentar a qualidade e o efetivo do sistema prisional, para fortalecer o processo de segurança pública. Então, é um investimento em revitalização, com modernização dos presídios, como fizemos com as delegacias e os pelotões. É fundamental que, além de equipamentos e armas, tenhamos mais profissionais atuando”, avaliou Jerônimo Rodrigues.Com a assinatura do documento, serão definidos os cronogramas do concurso, conteúdo das provas e previsão para convocação dos aprovados. A expectativa é de que os novos agentes iniciem suas atividades na capital e no interior até dezembro de 2024.O secretário da Seap, José Antônio Maia, frisou que a autorização para dar início aos protocolos para abertura do concurso é mais um passo na qualificação do sistema prisional baiano. ""É mais um investimento na segurança pública do Estado da Bahia, além de todos os que já fizemos. Entregamos armamento, equipamentos, fardamentos, e estamos fazendo outros investimentos também que virão no meio desse pacote”.No último dia 5 de dezembro, foi anunciado um investimento de cerca de R$ 7,2 milhões para modernização do sistema prisional do estado. Foram entregues 75 carabinas Taurus.40; 140 espingardas CBC calibre 12, cano 14 polegadas com coronha retrátil; 2000 espargidores MAX RJC (ou spray de pimenta); 800 coletes balísticos tipo 3A; aeronave remotamente pilotada; caminhonete; 122.000 munições operacionais de alto impacto; 150 detectores de metais tipo raquete e 50 do tipo banquetas. Além de mil calças táticas e camisas combatshirt e quase 1800 coturnos táticos.Além do titular da Seap, participaram do ato de assinatura o subsecretário da Segurança Pública, Marcel Oliveira, representantes do Sindicato dos Servidores Penitenciários do Estado da Bahia (Sinspeb)."
,https://www.saeb.ba.gov.br/2023/12/11865/Rede-SAC-amplia-capacidade-de-postos-da-capital-para-servicos-eleitorais.html,"A Rede SAC – em parceria com o Tribunal Regional Eleitoral da Bahia (TRE-BA) - está ampliando em até 52% a capacidade de atendimento para serviços eleitorais em seus postos de Salvador e região metropolitana do Estado. A medida visa absorver o aumento previsto na demanda para cadastramento biométrico e regularização de outras pendências junto à Justiça Eleitoral, tendo em vista a proximidade da realização das eleições municipais de 2024.Só em Salvador, há mais de 134 mil pessoas sem biometria, de um total de 1,9 milhão de eleitores - segundo dados do último mês de novembro. O atendimento nos postos SAC pode ser realizado sem agendamento prévio. “Nosso objetivo é estimular os eleitores a se preparar com antecedência para o pleito, providenciando já este ano o cadastramento biométrico e outras providências necessárias para  exercer o seu direito como cidadãos”, explica a diretora de Operações e Serviços da Superintendência de Atendimento ao Cidadão (SAC), Nilza Rios.Atualmente, os serviços do TRE estão disponíveis em seis postos SAC da capital e Região Metropolitana do Estado: Barra, Cajazeiras, Periperi, Comércio, Camaçari e Lauro de Freitas. No posto Cajazeiras, a cota para atendimento passou de 480 para 1000 senhas mensais, num incremento de 52%. Já nos postos SAC Barra e Periperi, a ampliação foi de 43%, com um salto de 800 para 1400 senhas mensais.  Além do cadastramento biométrico, o eleitor poderá procurar pelos postos para, por exemplo, solicitar o alistamento eleitoral (1ª título), a 2ª via título, a certidão de quitação, a guia de recolhimento de multas eleitorais e transferência de domicílio eleitoral, entre outros serviços.O prazo limite para a regularização eleitoral é 8 de maio de 2024. Após esta data, o cadastro eleitoral será fechado em todo país, em razão da realização das eleições 2024. O eleitor que teve o título cancelado não poderá votar no pleito de outubro do próximo ano e estará sujeito a outras penalidades previstas em lei, como restrições no CPF, impedimento de tirar passaporte e suspensão de recebimento de benefícios federais, como o Bolsa Família."
,https://www.saeb.ba.gov.br/2023/12/11864/Previdencia-estadual-alerta-para-prazo-da-prova-de-vida-de-dezembro.html,"Os aposentados e pensionistas estaduais que aniversariam em dezembro têm até o final do ano para se submeter à prova de vida sem correr o risco de suspensão do benefício. No início deste mês, a Superintendência de Previdência do Estado (Suprev) convocou para o procedimento 8.973 beneficiários do Poder Executivo Estadual, 265 do Tribunal de Justiça do Estado e 13 do Ministério Público. Só no grupo do Poder Executivo, há 4.794 pessoas que ainda não atenderam ao chamado, seja presencialmente ou por meio dos canais virtuais colocados à disposição do público.Para não correr o risco de ter seu pagamento interrompido, os servidores inativos e pensionistas  precisam realizar o procedimento uma vez ao ano, sempre dentro do mês do próprio aniversário. “Em casos de eventuais suspensões, o pagamento é retomado à medida que o beneficiário resolve a pendência”, esclarece a coordenadora de Relacionamento com o Beneficiário da Suprev, Sílvia Machado, ao ressaltar a importância da medida para que o Estado possa  evitar pagamentos indevidos e tentativas de fraudes, além de manter sua base cadastral atualizada.Prova de Vida Digital  -  Os convocados que estão em dia com o cronograma da Suprev e têm cadastro no TRE e Senatran podem realizar a Prova de Vida Digital de qualquer celular com acesso à internet por meio do aplicativo GOV.BR. Para tanto, basta baixar o aplicativo,  abrir uma conta no GOV.BR e fazer ao reconhecimento facial. No YouTube da Secretaria da Administração do Estado (Saeb) é possível encontrar um vídeo com o passo a passo completo para o procedimento.  Além da versão digital, os beneficiários podem optar pelas modalidades de prova de vida por videoatendimento ou presencial. Nestes dois casos, o serviço está disponível para todos os convocados, incluindo retardatários, com agendamento prévio por meio do BA.GOV.BR (www.ba.gov.br) ou no call center da Suprev/SAC pelos telefones 0800 071 5353 (para ligaÃ§Ãµes gratuitas por celular ou fixo, de qualquer lugar do Brasil) e (071) 4020-5353 (para Salvador e RegiÃ£o Metropolitana, de telefone fixo ou celular). Mais informaÃ§Ãµes podem ser obtidas no RH Bahia (www.rhbahia.ba.gov.br)."
,https://www.saeb.ba.gov.br/2023/12/11863/SAC-Jequie-inaugura-unidade-do-Corpo-de-Bombeiros-nesta-quarta-13.html,"O Posto SAC do município de Jequié inaugura uma nova unidade do Corpo de Bombeiros Militar da Bahia (CBMBA) nesta quarta-feira (13). Serão oferecidos à população os serviços de solicitação de Análise e de Vistoria de Segurança e Prevenção Contra Incêndio, pedido de Atendimento a Eventos, Expedição de Documentos, além de Realização de Fiscalização Provocada por Denúncia. O atendimento para os cidadãos estará disponível a partir de quinta-feira (14).O Posto SAC da cidade de Jequié fica situado na Avenida Otávio Mangabeira, 992, bairro de Mandacaru. A unidade do Corpo de Bombeiros vai atender a população das 7h às 16h, por ordem de chegada. A nova estrutura contará com dois pontos de atendimento, salas para análise técnica e para coordenação, salas para vistoria e fiscalização, além de sala de reunião.   A nova unidade foi um projeto em parceria com a Rede SAC, com investimento nas instalações feito pelo Corpo de Bombeiro. O SAC forneceu o seu modelo de atendimento e o Sistema Atende, de Gerenciamento de filas, além da elaboração do projeto arquitetônico e da programação visual.Capacidade - A unidade do Corpo de Bombeiros tem capacidade para realizar até 20 atendimentos por dia, 400 mensais. O atendimento e a gestão ficarão a cargo dos integrantes do 8º Batalhão de Bombeiro Militar (BBM), também localizado em Jequié.A inauguração da unidade de Jequié será às 15h desta quarta-feira (13). A Rede SAC já conta com outras três unidades similares do CBMBA (Postos SAC Feira II, Bela Vista e Teixeira de Freitas. A Diretora Operacional do SAC, Nilza Rios, falou sobre a prestação de serviço à população. “Em parceria com o Corpo de Bombeiros, estamos oferecendo mais uma comodidade para os cidadãos de Jequié, unindo o padrão de atendimento da Rede SAC com a expertise dos Bombeiros”, comentou Rios.  O comandante do 8º BBM, tenente coronel BM Bruno Faneli, também comentou sobre a iniciativa. ""Facilitamos o acesso dos cidadãos aos nossos serviços. Em vez de ir diretamente ao Corpo de Bombeiros para fazer solicitações, basta ir ao posto SAC. Entendemos que o fato de a Rede SAC reunir diversos tipos de serviços em um só lugar é mais um facilitador, e nos aproxima ainda mais das comunidades"", avaliou o tenente coronel."
,https://www.saeb.ba.gov.br/2023/12/11862/Estado-convoca-mais-747-professores-e-coordenadores-pedagogicos-aprovados-em-concurso-publico.html,"O Governo do Estado convoca, nesta quarta-feira (13), mais 747 profissionais da educação aprovados no concurso público do Edital SAEB 03/2022, de 1º de agosto de 2022. São 625 professores, 120 coordenadores pedagógicos e 2 coordenadores pedagógicos indígenas. Vale ressaltar que, na primeira convocação realizada em 23 de maio de 2023, foram convocados 1.379 professores, 184 coordenadores pedagógicos e 16 coordenadores pedagógicos indígenas. No ato de entrega da documentaÃ§Ã£o, os professores e coordenadores pedagÃ³gicos convocados nos certame serÃ£o agendados  para realizaÃ§Ã£o de exame prÃ©-admissional na Junta MÃ©dica Oficial do Estado. Na ocasiÃ£o do comparecimento, o candidato convocado deverÃ¡ apresentar os exames originais. O candidato que nÃ£o atender a presente convocaÃ§Ã£o, na forma e prazo determinado, seja qualquer o motivo alegado, perderÃ¡ o direito a nomeaÃ§Ã£o.Os candidatos Convocados para o interior do Estado deverÃ£o comparecer na sede do NÃºcleo Territorial de EducaÃ§Ã£o (NTE) em que foram aprovados, no perÃ­odo de 14 a 28 de dezembro, no horÃ¡rio das 8h30 Ã s 11h e das 14h Ã s 17h, conforme editais de convocaÃ§Ã£o, publicado no DiÃ¡rio Oficial do Estado desta quarta-feira (13).JÃ¡ os Convocados no nÃºcleo de Salvador (NTE 26), deverÃ£o comparecer, no mesmo perÃ­odo e horÃ¡rios, munido da documentaÃ§Ã£o listada no edital e dos exames mÃ©dicos discriminados, em original e fotocÃ³pia, na sede da Secretaria da EducaÃ§Ã£o do Estado da Bahia (SEC), situada na Avenida Luiz Viana Filho, nÂº 550, 5Âª Avenida, Centro Administrativo da Bahia â€“ CAB, 1Âº andar, sala 121."
,https://www.saeb.ba.gov.br/2023/12/11861/Trajetoria-de-transformacao-digital-da-Bahia-e-apresentada-a-secretarios-estaduais.html,"A experiência baiana na área de transformação digital acaba de ser apresentada a secretários estaduais de diversas unidades federativas do país O case de sucesso foi destaque nesta terça  (12.12) durante o módulo Governo e Transformação Digital do curso ‘Fortalecimento da Gestão Pública Estadual com Perspectiva Regional Norte/Nordeste’, promovido virtualmente pela Escola Nacional de Administração Pública (Enap).Convidado para ministrar a aula pela secretária adjunta de Governo Digital do Ministério de Gestão e Inovação Luanna Roncaratti, o coordenador  de Transformação Digital da Secretaria Estadual da Administração (Saeb), Igor Takenami, fez um resumo da trajetória do Estado nesta área, desde a concepção e lançamento da plataforma eletrônica de serviços públicos  SAC Digital,  em 2018, até o momento atual, quando a solução ganhou a identidade BA.GOV.BR, transformando-se na plataforma única de informações e serviços do Estado da Bahia. Do eletrônico ao digital – De acordo com o coordenador, a mudança recente – proporcionada pela parceria com a Secretaria de Comunicação do Estado – vem contribuindo para impulsionar a adesão das diversas unidades do Estado à iniciativa. “Estamos saindo da era do governo eletrônico para a do governo digital; a cada vez que um novo serviço passa a ser disponibilizado, nós procuramos estratégias para simplificar e desburocratizar, entregando valor ao cidadão”, assegura o coordenador. .Presente na audiência do curso, o secretario estadual da Administração Edelvino.Góes ressaltou ainda o modo como, na estratégia adotada pela  Bahia o serviço digital surge não em substituição ao presencial mas como uma alternativa a mais oferecida ao cidadão. “Em uma realidade como a nossa, com uma população ainda marcada pela exclusão, a oferta de orientação é fundamental”, destacou o executivo, ao ressaltar a integração da plataforma aos serviços de call center e ao atendimento presencial prestado nos postos da Rede SAC.Capacitação - Com duração de 20h, o curso Fortalecimento da Gestão Pública Estadual com Perspectiva Regional Norte/Nordeste’ foi destinado a secretários e secretárias estaduais e seus adjuntos, das áreas de administração, gestão, fazenda e Casa Civil das regiões Norte e Nordeste. Desenvolvido no período de 13 de novembro a 12 de dezembro, na modalidade a distância, a capacitação abordou temas como Planejamento Macro Estratégico e Gestão Pública; Relações Federativas e os arranjos políticos-institucionais e fiscal nos governos estaduais e gestão pública inclusiva com foco no cidadão; Entre os objetivos do curso, estiveram a identificação de experiências e modelos de gestão inclusiva de serviços públicos, com foco nos usuários-cidadãos nas mais diversas instâncias, considerando as desigualdades de acesso a políticas públicas por mulheres, pessoas negras, populações indígenas e quilombolas, periféricas e no estímulo à participação social."
,https://www.saeb.ba.gov.br/2023/12/11860/Membros-do-Conselho-Estadual-de-Transito-sao-empossados-.html,"Membros do Conselho Estadual de Trânsito da Bahia (Cetran-Ba) tomaram posse para o biênio 2024/2025, nesta segunda-feira (11), no Centro Administrativo da Bahia (CAB). Na cerimônia foram empossados 46 conselheiros do órgão máximo de trânsito do estado (titulares e suplentes), incluindo a presidente, Margareth Gramacho.A chefe de gabinete da Secretaria da Administração, Tatiane Cezar Pereira, deu posse aos 14 titulares e aos 32 suplentes do Conselho Estadual de Trânsito.  O órgão colegiado tem a competência de elaborar normas de trânsito, coordenar os entes que compõe o Sistema Nacional de Trânsito na Bahia e o Plano Nacional para Redução de Mortes e Lesões no Trânsito no Estado, além de funcionar como última instância no julgamento de recursos contra infrações de trânsito. O Cetran também possui a atribuição de orientar e conceder apoio técnico aos municípios baianos para que eles façam a integração ao Sistema Nacional de Trânsito (SNT), a chamada municipalização do trânsito nas cidades do interior do Estado. O Código de Trânsito Brasileiro (CTB) instituiu atribuições aos municípios, que passam a responder por todas as questões envolvendo parada, circulação e estacionamento de veículos, podendo aplicar as penalidades e medidas administrativas no caso de infração. Atualmente, a Bahia possui 73 municípios integrados ao SNT.  Composição- O Cetran-Ba é composto por representantes de órgãos públicos, entidades de classe e membros de outros segmentos da sociedade civil. Possuem cadeira no conselho integrantes do Departamento Estadual de Trânsito (Detran), Secretaria de Infraestrutura do Estado, Polícia Militar do Estado da Bahia, Polícia Rodoviária Federal – PRF, dentre outros.Para municipalizar o trânsito nas cidades de menor porte, a proposta do Cetran Bahia é realizar a integração através de consórcios municipais, reunindo várias cidades para conseguir comportar a gestão do trânsito na região. Esse modelo de integração já possui uma proposta de projeto piloto no estado. Quando concluir o projeto, a Bahia poderá ser pioneira já que ainda não possui nenhum consórcio de trânsito no Brasil.  A presidente do Conselho Estadual, Margareth Gramacho, disse que o principal desafio do Cetran Bahia é a municipalização do trânsito das cidades que ainda não estão integradas ao SNT. Principalmente no caso dos municípios de pequeno e médio porte, onde o Consórcio Público pode ser a solução.Gramacho destacou também avanços na gestão do transito na Bahia como a criação do Fotran-BA e do Comitê Gestor de Segurança Viária. A presidente salientou ainda a entrada do Cetran no Plano Plurianual do Estado, que estabelece os objetivos estratégicos do Governo para os próximos anos.Para fornecer apoio aos municípios baianos integrados ao SNT foi instituído, em 2021, o Fórum permanente de Órgão de Trânsito do Brasil, (Fotran-BA), o primeiro do país. A Bahia também largou na frente com a criação Comitê Gestor de Segurança Viária (CGSV), que tem a incumbência de implementar a Política de Segurança Viária da Bahia e coordenar a elaboração e execução do Plano Nacional de Redução de Mortes e Lesões no Trânsito (Pnatrans).Além da posse dos membros do Cetran, ontem também foram realizados cursos processo administrativo de trânsito para gestores de transito e conselheiros, com especialista no tema. No período da tarde, houve ainda uma reunião de membros das Juntas Administrativas de RecursosÂ eÂ InfraÃ§ÃµesÂ (Jari)Â  dos municÃ­pios e do estado. "
"Nova parceria do Clube de Desconto concede abatimento em mensalidade escolar; saiba mais",https://www.saeb.ba.gov.br/2023/12/11859/Nova-parceria-do-Clube-de-Desconto-concede-abatimento-em-mensalidade-escolar-saiba-mais.html,"O município de Feira de Santana, situado a 108 km de Salvador, tem mais uma opção no ramo da educação. Graças à parceria entre o Clube de Desconto com o Colégio Centro de Educação Tecnológica do Estado da Bahia, o funcionalismo conta com 10% de abatimento sobre o valor da mensalidade de 2024. A oferta é válida para servidores estaduais, beneficiários do Planserv, funcionários do Ministério Público (MP), dos tribunais de Contas do Estado (TCE) e dos Municípios (TCM). Para ter acesso aos descontos, o servidor deve apresentar um comprovante de vínculo com o estado, ou seja, o contracheque acompanhado de um documento de identificação com foto. Beneficiários do Planserv devem mostrar a carteira virtual.O colégio, instituição especializada no ensino médio, está localizado na Avenida Getúlio Vargas, no centro de feira de Santana. Mais informações podem ser obtidas pelo telefone (75) 3622-8255 ou através do e-mail: secretaria.colegioceteb@gmail.com.Essa e outras ofertas estão disponíveis para consulta no site RH Bahia, na editoria “Servidores”, aba Clube de Desconto. Taxas, informações sobre inclusão de dependentes e valores adicionais podem ser consultados na página do Clube de Desconto através desse link.Clube de Desconto - Iniciativa da Secretaria da Administração (Saeb), o Clube de Desconto do Servidor tem o objetivo de conceder abatimentos especiais em produtos e serviços para mais de 270 mil beneficiários, em parceria com empresas credenciadas em mais de 26 segmentos diferentes. Para saber mais sobre o programa, acesse o RH Bahia (https://rhbahia.ba.gov.br/)."
,https://www.saeb.ba.gov.br/2023/12/11858/Planserv-recebe-pela-decima-vez-o-Premio-Benchmarking.html,"O Planserv – Assistência à Saúde do Servidor Público da Bahia recebeu o prêmio de Operadora de Autogestão do Benchmarking 2023, em solenidade realizada num hotel de Salvador. É décima vez que a assistência é agraciada com a premiação, recebida pela coordenadora-geral, Socorro Brito. A coordenadora-executiva do Planserv, Vanessa Esmeraldo, também esteve presente à solenidade. No ano passado, Socorro Brito foi homenageada como Executiva do Ano e, em 2020, na comemoração de dez anos do Benchmarking Bahia, a assistência foi agraciada como a operadora de gestão que mais reconhecimento teve nessa categoria.  Socorro Brito elogiou a premiação, a maior do trade da saúde suplementar do Estado. “É muito importante recebermos mais uma vez essa premiação, que vem reconhecendo os destaques na saúde suplementar ao longo de tantas gerações”, disse. O Planserv é a maior assistência à saúde com gestão pública do Norte/Nordeste, com mais de 500 mil beneficiários e 1,5 mil prestadores. O Prêmio Benchmarking é uma referência para o país. A eleição dos melhores é feita por voto direto de empresários, executivos e demais atores da saúde suplementar baiana. Vence, no ano de referência, quem foi mais inovador, competente em práticas de gestão e que se dispôs a divulgar suas estratégias para o mercado. "
,https://www.saeb.ba.gov.br/2023/12/11857/Rede-SAC-divulga-atendimento-no-feriado-de-Nossa-Senhora-da-Conceicao.html,"Os postos da Rede SAC situados na capital terão o atendimento suspenso nesta sexta-feira (08/12), devido ao feriado municipal em homenagem à padroeira da Bahia, Nossa Senhora da Conceição da Praia. Com isso, as unidades SAC Barra, Bela Vista, Salvador Shopping, Cajazeiras, Pernambués, Shopping da Bahia, Comércio, Liberdade, Pau da Lima, Periperi, Pituaçu e Piatã estarão fechadas. Na região metropolitana de Salvador, apenas a unidade de Simões Filho estará indisponível ao atendimento. No interior do Estado, o funcionamento estará suspenso no posto Jacobina e nos pontos da Rede SAC nos municípios de Riachão do Jacuípe, Capim Grosso, Inhambupe e Xique-Xique.Vale ressaltar que alguns serviços virtuais também estarão inacessíveis, é o caso dos vídeoatendimentos para o Planserv, Embasa, Ceprev, CBMBA, Procon, Sefaz e Sinebahia. Já o SAC Móvel, manterá o atendimento previsto para a Rota 3, no município de Itiuaçu, a 525 km de Salvador.As unidades fechadas que funcionam aos sábados retomarão o atendimento no dia seguinte (09/12). As que funcionam de segunda-feira a sexta-feira, retomarão as atividades no dia (11/12).Para outras informações, a Saeb disponibiliza o site institucional do SAC (www.sac.ba.gov.br) e o call center: (71) 4020-5353 (ligação de celular) ou 0800 071 5353 (ligação de fixo).  Para agendar atendimento, é só baixar o app ou acessar o portal de serviços do Estado (www.ba.gov.br)."
"Escolas estaduais recebem contratados do Projeto Primeiro Emprego",https://www.saeb.ba.gov.br/2023/12/11856/Escolas-estaduais-recebem-contratados-do-Projeto-Primeiro-Emprego.html,"A Secretaria Estadual de Educação (SEC) acaba de receber 69 beneficiários do Projeto Primeiro Emprego para atuar como técnicos de administração e logística em escolas públicas e outras unidades vinculadas ao órgão, localizadas nos municípios Salvador, Juazeiro e Simões Filho. O grupo – que terá pela primeira vez a oportunidade de trabalhar com carteira assinada em sua área de formação - faz parte da primeira leva de contratados deste ano de uma das principais vertentes do projeto de inclusão no mundo do trabalho promovido pelo governo estadual, voltada para a oferta de emprego formal no espaço público.A previsão é de que até fevereiro de 2024, a SEC receba 500 egressos dos cursos técnicos de nível médio da Rede Estadual de Educação Profissional. Integrante do Núcleo de Gestão de Estágio e Primeiro Emprego da Secretaria de Educação, Michelle Nogueira conta que há uma grande demanda pelos novos profissionais tantos nas escolas quanto na sede da SEC e em seus Núcleos Territoriais de Educação. “A  iniciativa está nos permitindo atender às necessidades das nossas unidades, ao mesmo tempo em que oportuniza relações de trabalho e educação, consolidando o aprendizado para o mercado de trabalho”,  esclarece.De 2016 até agora, 2.928 beneficiários do Projeto Primeiro Emprego passaram pela SEC, atuando em 424 diferentes unidades de 190 municípios baianos. “É um dos órgãos com maior participação no programa”, ressalta o coordenador do Núcleo de Gestão de Estágio e Primeiro Emprego da SEC, Edson Cunha, ao chamar atenção para o perfil dos beneficiários, formado em sua grande maioria (82,5%) por pessoas pretas e pardas. “Trata-se de uma iniciativa que quebra paradigmas, rompendo as barreiras para a empregabilidade”, acredita o coordenador.  Oportunidade - Uma das recém-contratadas encaminhadas à SEC, Laísa Andrade, 20 anos, conta que após o curso técnico em administração buscou sem sucesso uma oportunidade para atuar na área. Com a mãe desempregada, acabou indo trabalhar como operadora de caixa, até surgir a chance no Estado. “Agora tudo que eu espero é evoluir bastante e um dia, se der, passar num concurso público”, revela.    Outro encaminhado para a SEC foi o técnico de administração Caíque Andrade, de 22 anos. Seu plano desde o início era seguir os passos de dois irmãos que não só participaram do Projeto Primeiro Emprego como conseguiram continuar no Estado, após passarem em processos seletivos para contratação via Regime Especial de Direito Administrativo (REDA). “Agora é a minha chance de crescer”, acredita o jovem.Lançado em 2016, o Projeto Primeiro Emprego já beneficiou mais de 17 mil pessoas. Dentro da modalidade oferta de emprego formal no espaço público, iniciativa é viabilizada por meio de termos de convênio firmados pela Secretaria da Administração (Saeb) com a Fundação Luís Eduardo Magalhães (FLEM) e Fundação Estatal de Saúde da Família (FESFSUS)."
,https://www.saeb.ba.gov.br/2023/12/11854/Pesquisa-aponta-satisfacao-de-81-entre-usuarios-do-Hospital-de-Vitoria-da-Conquista.html,"Projetos estaduais nas áreas de tecnologia, inovação, segurança e difusão do conhecimento, além dos resultados de uma pesquisa de satisfação com os usuários do Hospital Geral de Vitória da Conquista estiveram em pauta nesta terça-feira (05), durante a 30a Reunião do Conselho de Qualidade do Serviço Público (Conquali). O Conquali é formado por representantes de seis órgãos estaduais, comandado pela Secretaria da Administração (Saeb), com o objetivo de avaliar e aprimorar a qualidade da prestação do serviço público no Estado. Promovido virtualmente, o encontro foi coordenado nesta edição pela chefe de gabinete da Saeb, Tatiane Cezar Pereira, conselheira suplente, representando o secretário da Administração, Edelvino Góes. Pesquisa -  Um dos destaques da reunião foi o índice de 81% de satisfação obtido pelo Hospital Geral de Vitória da Conquista em uma pesquisa realizada, no período de julho a novembro,  por telefone, com 917 cidadãos que realizaram procedimentos cirúrgicos e clínicos na unidade. “Outro dado positivo é que 92,5% dos entrevistados indicariam esta unidade de saúde a outro paciente”, acrescentou o coordenador de Pesquisas da Superintendência de Estudos Econômicos e Sociais da Bahia (SEI), Jackson Santos da Conceição. A mesma pesquisa também coletou elogios, reclamações  e sugestões  de melhoria que serviram de base para um plano de ação elaborado pela Diretoria de Gestão de Qualidade da Superintendência de Atendimento ao Cidadão (SAC) com sugestões de melhoria para a unidade.Inovação - Na área de inovação, os assuntos em pauta foram o projeto Conecta Bahia, da Secretaria de Ciência Tecnologia e Inovação (SECTI), e Câmera interativa, da Secretaria de Segurança Pública (SSP). Voltado para o provimento de serviços de internet e wifi gratuitos para a população, o Conecta Bahia já disponbilizou 375 pontos de wifi em praças públicas, e agora se prepara para chegar também a comunidades quilombolas e indígenas. Já  o Câmera Interativa visa aprimorar o monitoramento de locais públicos, aproveitando as imagens de circuitos internos de TV apontadas para espaços públicos mantidas por pessoas físicas e jurídicas, e integradas a soluções em nuvem.Para completar, vale destacar ainda o projeto Base de Conhecimento RH, da Secretaria de Administração do Estado (Saeb). Menção honrosa no Prêmio Boas Práticas do Serviço Público 2023, o projeto  promove formação, orientação e apoio técnico às equipes de Recursos Humanos do Estado por meio de uma biblioteca virtual, onde são disponibilizados manuais, cartilhas, tutoriais, videoaulas, entrevistas e outros conteúdos. “A solução nos permitiu, com recursos próprios, atender às necessidades de atualização geradas pela pelas mudanças constantes nas rotinas e nas equipes de RH”, explicou o coordenador  de Formação e Gestão de Usuários do RH Bahia, Daniel Carneiro."
,https://www.saeb.ba.gov.br/2023/12/11855/Rede-SAC-entrega-nova-unidade-para-vistoria-de-veiculos-em-Salvador.html,"A Rede SAC vai ampliar a oferta de serviços prestados pelo Departamento Estadual de Trânsito (Detran) em Salvador. Nesta terça-feira (05), em ato que contou com a participação do secretário da Administração, Edelvino Góes, e do diretor geral do Detran, Rodrigo Pimentel, entre outras autoridades, foi inaugurada a nova unidade de vistoria para veículos, no SAC Bela Vista. Localizada no andar térreo do shopping, a nova estrutura estará em funcionamento a partir de quinta-feira (07), por meio de agendamento na plataforma ou aplicativo do ba.gov.br. Na data de hoje, também foi entregue a nova pista de exames de direção veicular do Detran, instalada no mesmo empreendimento comercial. A iniciativa é fruto da parceria entre SAC e Detran, para expansão do modelo de vistoria desenvolvido pela Rede e descentralização dos serviços da área de cadastro de veículos, com maior eficiência e comodidade para os cidadãos. Além do SAC Bela Vista, ofertam o serviço os postos Shopping da Bahia e Salvador Shopping, na capital; Lauro de Freitas, na Região Metropolitana de Salvador (RMS); e Conquista II, no interior.Instalada em uma área de 431 m², a unidade de vistoria no SAC Bela Vista conta com sete vagas para pré-triagem, três vagas de vistoria com rampas para veículos de difícil acesso, três bancadas para os vistoriadores, sala de coordenação e conferência, além de espaço reservado para espera e de sala para os vistoriadores. “Além da vistoria veicular, que engloba nove serviços, estamos agregando outros 19 serviços voltados para veículos, trazendo mais comodidade e conforto para os usuários da Rede SAC. Essa é a diretriz do governador Jerônimo, de aproximar o governo das necessidades do cidadão”, afirmou o secretário Góes.  Além de toda a estrutura – ampla, bem iluminada e acessível, o cidadão encontrará no posto uma cartela dos demais serviços para conclusão do seu atendimento, como 2ª etapa para CRV-E, 2ª via de CRV-E com troca de placa Mercosul e para perda/extravio de documento, gravação/regravação de chassi/motor e substituição de motor, mudança de categoria, recadastramento de veículo não Renavam, transferência de município do mesmo estado e transferência de propriedade.A vistoria de veículos no SAC Bela Vista funcionará de segunda a sexta, das 9h às 16h, com agendamento de horário via www.ba.gov.br, e terÃ¡ capacidade para 20 atendimentos por dia. SerÃ¡ adotado o sistema Diamante, o mesmo aplicado em toda a Rede SAC, e triagem, com conferÃªncia de documentos e encaminhamento para a conclusÃ£o do atendimento. AlÃ©m dos serviÃ§os da Ã¡rea de cadastro de veÃ­culo, tambÃ©m serÃ£o ofertados no posto serviÃ§os para habilitaÃ§Ã£o de condutores.Para outras informações, a Secretaria da Administração (Saeb) disponibiliza o aplicativo e portal de serviços do Estado (www.ba.gov.br) e o site institucional do SAC (www.sac.ba.gov.br), alÃ©m do call center: (71) 4020-5353 (ligaÃ§Ã£o de celular) ou 0800 071 5353 (ligaÃ§Ã£o de fixo)."
,https://www.saeb.ba.gov.br/2023/12/11853/Plataforma-celebra-Dia-Internacional-do-Voluntario-com-mais-de-18-mil-inscritos.html,"A Bahia comemora o Dia Internacional do Voluntário com mais de 18 mil inscritos na plataforma Bahia.Estado Voluntário. A data, celebrada em 05 de dezembro, e instituída pela Organização das Nações Unidas (ONU), reforça a importância da atuação de pessoas que compartilham suas habilidades, tempo, energia e talento de forma voluntária e não remunerada em prol de causas sociais.Plataforma Bahia.Estado VoluntárioA plataforma foi lançada em 24 de setembro de 2019, com o intuito de estimular o exercício da solidariedade no Estado e permitir a intermediação entre a relação dos cidadãos que desejam atuar como voluntários e as organizações que precisam de ajuda. Atualmente são 2.582 projetos e ações; 55.441oportunidades de deixar o dia de alguém mais colorido; 18.753 voluntários nessa corrente do bem e 871.884 horas de atuação computada. A iniciativa fomenta a prática do voluntariado na Bahia, tendo o cidadão como protagonista no desenvolvimento social. É o que explica Kátia Camillo, coordenadora do programa estadual. “O Bahia.Estado Voluntário disponibiliza uma plataforma virtual para o cadastro de projetos e de voluntários. É possível conectar entidades públicas e privadas e os cidadãos em redes solidárias, inclusivas e colaborativas, unindo esforços para o trabalho voluntário. Promovendo a cultura de voluntariado cidadão”, disse.Junte-se a essa corrente do bem!Basta fazer um cadastro no site www.estadovoluntario.ba.gov.br, informando a área na qual gostaria de prestar serviço voluntário e a disponibilidade de horário. Já as instituições cadastram no site seus projetos que necessitam de voluntários. Além dos órgãos de governo, podem inscrever projetos entidades privadas sem fins lucrativos, como ONGs, filantrópicas e do terceiro setor.Realização das Secretarias de Justiça e Administração, o Programa Bahia.Estado Voluntário está alinhado com os objetivos de Desenvolvimento Sustentável, da Agenda 2030 da Organização das Nações Unidas, ao fomentar a prática do voluntariado.Bahia.Estado Voluntário celebra o Dia Internacional do VoluntárioNa terça-feira (05/12), o Bahia.Estado Voluntário celebrará a data recepcionando voluntários de projetos cadastrados na plataforma. A ação será realizada no prédio da Secretaria da Administração, no CAB, e contará com o relato dos voluntários sobre sua atuação solidária.Além disso, a iniciativa também dará espaço para que as instituições cadastradas na plataforma contem suas experiências e ganhos com a plataforma Bahia.Estado Voluntário. 05 de dezembro – Dia internacional do VoluntárioA Organização das Nações Unidas instituiu o dia 5 de dezembro como Dia Internacional do Voluntário em 1985. A intenção da ONU era promover ações de voluntariado em todas as esferas da sociedade, ao redor do mundo. O trabalho voluntário é uma atividade democrática, pois beneficia todas as pessoas envolvidas, ou seja, faz bem tanto para quem recebe quanto para quem se doa."
,https://www.saeb.ba.gov.br/2023/12/11852/Avanco-da-inteligencia-artificial-na-gestao-publica-e-tema-de-debate-em-evento-no-Dia-do-Gestor-Publico.html,"Debater a importância, o impacto e os desafios do uso da Inteligência Artificial (IA) na gestão pública. Esse foi o objetivo principal do seminário Inteligência Artificial e Humana: Novas Formas e Usos da Informação na Gestão Pública, que aconteceu na tarde desta sexta-feira (1), no auditório da Procuradoria Geral do Estado (PGE), no Centro Administrativo da Bahia (CAB). O evento, realizado pela Universidade Corporativa do Servidor (UCS), aconteceu para celebrar o Dia do Gestor Público.Presente ao encontro, o secretário da Administração, Edelvino Góes, reforçou a importância do debate. “O gestor público tem a responsabilidade de tomar decisões que, de alguma forma, afetam a vida das pessoas. Portanto, tratar desse tema, que está na ordem do dia, é muito relevante e reforça a preocupação do Estado na formação de gestores, através de capacitações que trabalhem o desenvolvimento de lideranças, que precisam estar antenadas com o desenvolvimento das novas tecnologias”, destacou.O presidente da Associação dos Gestores Governamentais do Estado da Bahia (AGGEB), Thiago Xavier, também participou da mesa de abertura do seminário. Ele ressaltou que a sociedade sempre deseja receber serviços públicos de qualidade e a importância da boa gestão pública nesse processo. Para a coordenadora da UCS, Teca Ramos, os avanços da IA vão revolucionar o mundo em diversas áreas da gestão pública e os gestores precisam estar preparados para essa demanda.O evento teve a participação do coordenador da área de Geração de Conhecimento para a Promoção do Trabalho Decente da Organização Internacional do Trabalho (OIT), José Guimarães. Ele fez uma apresentação sobre o uso inteligente das informações para a formulação e análise das Políticas Públicas. O seminário também contou com a presença do CEO da Exponencial Consultoria e Tecnologia da Informação, Frederico Wellington Soares, que falou sobre Inteligência Artificial e os processos de Humanização em tempos de tecnologia exponencial. Houve ainda o lançamento do Observatório de Gestão Pública e do Prêmio AGGEB de Gestão. O evento foi mediado por Aílton Cardoso, da PGE.O Dia do Gestor foi instituído pela Assembleia Legislativa do Estado da Bahia (Alba), por intermédio da Lei n. 14.129, oficializando a data de 1º de dezembro.  A aprovação desta Lei teve como objetivo valorizar os profissionais que atuam na gestão da coisa pública, sejam eles gestores de carreira, ocupantes de cargo de direção ou agentes políticos, reconhecendo a importância de seu trabalho para a prestação de um serviço público de melhor qualidade para a sociedade."
,https://www.saeb.ba.gov.br/2023/12/11850/Planserv-inicia-implantacao-de-biometria-facial-para-atendimento-de-beneficiarios-de-todo-estado.html,"O Planserv, assistência médica do servidor público estadual, órgão vinculado à Secretaria de Administração (Saeb), iniciou nesta sexta-feira (1) a implantação da biometria facial para beneficiários. Até então, o sistema utilizava a impressão digital. A medida visa garantir mais agilidade e segurança aos serviços ofertados em todo o estado. O cadastramento da imagem da face pode ser feito de duas formas: no aplicativo móvel do Planserv ou no prestador de saúde, no ato do atendimento. Durante todo o mês de dezembro, os usuários poderão realizar o cadastramento, que só passará a ser exigido a partir de janeiro de 2024.Em 1º de janeiro, a biometria facial vai valer para atendimento em clínicas e laboratórios. Já os hospitais adotarão o procedimento para todos os atendimentos em 1° de fevereiro. A mesma data vale para os atendimentos de urgência e emergência. “Essas mudanças vieram a partir da construção do Estado em modernizar os serviços do Planserv. A gente tem hoje um aplicativo que dá a opção de ter os seus dados na mão, a utilização do Planserv e, principalmente, o cadastramento da face, mudando completamente a estrutura e a concepção da identificação dos nossos beneficiários”, justificou a coordenadora-geral do Planserv, Socorro Brito. Ainda de acordo com a coordenadora, a intenção é conhecer diretamente as pessoas para que a gente possa modernizar os serviços e oferecer serviços cada vez mais elaborados, com mais qualidade.Socorro explicou como o cadastramento pode ser feito pelo próprio usuário através do aparelho celular. “Basta baixar gratuitamente o aplicativo nas lojas do Android e iOS. O beneficiário vai se identificar e cadastrar os dados. A partir daí, ele vai ter a estrutura de informações sobre as autorizações, sobre o que utilizou na rede para confirmar se está tudo correto”, detalhou a coordenadora. Os prestadores de serviço estão sendo instruídos a auxiliar tanto as pessoas a usarem o aplicativo quanto a inserir também a impressão facial nas máquinas e nos computadores do Planserv no atendimento presencial. Os postos do Serviço de Atendimento ao Cidadão (SAC) também estão disponíveis para orientar as pessoas a usarem o aplicativo.Serão isentos da biometria facial as crianças de zero a quatro anos. Aos pais e responsáveis de crianças de cinco a 12 anos que não possuem RG será concedido um prazo de seis meses para confecção (1º de dezembro de 2023 a 1º de junho de 2024) do documento e posterior cadastramento da biometria facial. Após esse período, será obrigatória a apresentação no momento do atendimento.Primeiro diaPara a coordenadora operacional da Clínica Seta, Iara Eliotério, o ganho em segurança com a implantação do recurso é o maior dos benefícios.  Ela também destacou a praticidade no atendimento. “É a garantia que a gente está fazendo atendimento com o paciente correto, porque não dá margem para que tenha erro nesse processo. Uma vantagem é a agilidade, porque quando a gente fazia o cadastramento por impressão digital, corria o risco de o paciente ter alguma patologia ou algo na sua digital que atrapalhasse esse atendimento”, contou.No primeiro dia de cadastramento na Clínica Seta, a aposentada Vera Basílio, 67 anos, realizou o reconhecimento facial com a ajuda da atendente antes de passar por uma consulta com mastologista. “Para nós, usuários do Planserv, eu acho ótimo, porque o atendimento é mais ágil na recepção. A gente não perde aquele tempo trocando de dedo, tentando fazer a biometria, aquela coisa que às vezes dificulta. É bom para a gente e para a entidade de saúde que vai prestar o serviço”, avaliou.A designer de produtos, Júlia Godinho, 26 anos, dependente do pai no Planserv, ficou sabendo da mudança ao chegar à clínica para uma consulta. “Descobri essa novidade agora, no atendimento. Achei interessante, porque acaba que é um jeito mais fácil, mais rápido e mais seguro também. Difícil ter algum tipo de fraude com relação ao nosso rosto. Fiz o processo rapidinho e já estou com tudo cadastrado”, elogiou a jovem."
,https://www.saeb.ba.gov.br/2023/12/11849/Unidades-de-saude-do-Estado-recebem-117-beneficiarios-do-Projeto-Primeiro-Emprego.html,"Cento e dezessete beneficiários do Projeto Primeiro Emprego (PPE) desembarcaram nesta quinta (30.11) em 38 unidades da rede própria de saúde do Estado distribuídas em 17 municípios baianos, para dar início à sua primeira jornada de atuação profissional na área de formação técnica, com carteira assinada. O grupo faz parte da primeira leva de contratados deste ano de uma das principais vertentes do projeto de inclusão no mundo do trabalho do governo estadual, voltada para a oferta de emprego formal no espaço público. Até fevereiro de 2024, a previsão é de que 500 egressos dos cursos técnicos de nível médio da Rede Estadual de Educação Profissional  comecem a trabalhar em unidades vinculadas à Secretaria de Saúde do Estado (Sesab). Com formação em áreas tão diferentes quanto administração, logística, enfermagem e análises clínicas, os técnicos devem ser incorporados a centros de referência, núcleos de vigilância epidemiológica, maternidades e hospitais de média e alta complexidade da capital e interior do Estado, entre outros espaços.Vagas - Ponto focal do Projeto Primeiro Emprego na  Sesab, a bióloga e sanitarista Camila Nunes conta que as unidades de saúde do Estado estão ávidas pela chagada deste profissionais, que irão ocupar vagas importantes para a prestação de serviços à população. “O Projeto Primeiro Emprego  ganhou corpo e bom nome na Sesab, na medida em que os egressos foram mostrando qualificação e conquistando espaços nos ambientes de trabalho”, avalia Camila.Um levantamento realizado em 2021 apontou que mais de 15% dos beneficiários que concluíram a passagem pelo PPE na Sesab naquele ano conseguiram ser incorporados ao Estado, como terceirizados ou por meio de contratação via Regime Especial de Direito Administrativo (REDA). Camila acredita, no entanto, que de lá para cá, este número cresceu. “O projeto é  mais um fator de democratização do acesso ao trabalho no serviço público, e é muito gratificante ver a mudança que a iniciativa promove na vida destas pessoas”, testemunha.No caso  da Sesab – em função da oferta de vagas em ocupações onde a presença feminina é maior -, chama atenção o grande número de mulheres pretas da periferia, de diversas faixas etárias, que vêm no PPE uma chance de galgar espaço de trabalho no serviço público. Superação - Na quarta-feira (29) véspera do primeiro dia de trabalho da nova leva de contratados, a Fundação Estatal de Saúde da Família (FESFSUS)- responsável pela execução do PPE na Sesab, via contrato de gestão com a Secretaria de Administração (Saeb) - realizou um evento de acolhimento na Escola de Saúde Pública da Bahia (ESPBA) onde os beneficiários assinaram seus contratos, receberam orientação, crachás e camiseta. Alecsandra Torres tem 50 anos e só agora conquistou uma carteira assinada. A maior parte da vida adulta, ela passou, dedicando-se à mãe idosa com problemas psiquiátricos. “Quando ela morreu, foi a equipe do Ernesto Simões onde fiz o estágio do curso técnico que me acolheu, hoje estou feliz porque vou voltar para lá  e  agora como profissional”.Luciana Aquino fez um pouco de tudo em seus 42 anos::foi babá, atendente, trabalhou com  mega hair, trança de cabelo e design de sobrancelha. Filha de uma mãe preta solteira, empregada doméstica, ela foi arrastada para uma depressão ao se ver abandonada pelo namorado, com um bebê recém-nascido  “Minha história é de resistência: fiquei desempregada um tempão, colocando currículo em tudo quanto era lugar, mas agora estou aqui realizando meu sonho”, diz a técnica de enfermagem. Já para Camila Negreiros, 39, também negra, o ingresso no Projeto Primeiro Emprego é um renascimento. Além de ter passado um ano desempregada, a técnica de enfermagem perdeu há apenas seis meses seu filho único, de 18 anos em um episódio trágico de violência. “Meu coração está de luto, mas hoje estou feliz porque vou poder começar de novo e crescer”, conclui, sem conter as lágrimas."
,https://www.saeb.ba.gov.br/2023/11/11848/Estado-registra-6-milhoes-de-processos-eletronicos-instaurados-no-SEI-Bahia.html,"A soldado Cleide dos Santos, policial militar feminina que atua na Corregedoria Setorial e Ouvidoria do 15º Batalhão da Polícia Militar em Itabuna, abriu mais um Processo Administrativo Disciplinar (PAD) no dia 14 de novembro. Esse procedimento faz parte de sua rotina de trabalho, mas ela nem imaginava que este PAD alcançava mais uma marca histórica na administração pública do Estado da Bahia: estava instaurado o processo de número 6 milhões no Sistema Eletrônico de Informação (SEI Bahia). O dado reforça a consolidação do SEI Bahia como uma ferramenta de modernização da máquina pública que vem promovendo uma revolução na gestão estadual.Como forma de simbolizar o registro da soldado Cleide, a Secretaria da Administração (Saeb) celebrou uma premiação à servidora na manhã desta quinta-feira (30), com a presença do secretário Edelvino Góes. Ela foi contemplada com cursos gratuitos junto à Universidade Católica de Salvador (UCSal), instituição parceira do Clube de Desconto do Servidor. Para Cleide, que é policial militar feminina há 14 anos, a chegada do SEI contribuiu bastante para a execução do seu trabalho. “Ele veio para facilitar muito a comunicação com os outros órgãos e com a Corregedoria Geral, trazendo celeridade às demandas e redução de custos, aspectos fundamentais para a máquina pública”, exaltou.Presente ao evento, o reitor acadêmico da UCSal, Deivid Lorenzo, destacou a parceria da UCSal com o Estado da Bahia, através do Clube de Desconto do Servidor, e falou da satisfação em participar da celebração. “É gratificante poder contribuir com aquilo que compõe nossa história nessas seis décadas de existência, que é a formação da comunidade baiana. É motivo de grande alegria e orgulho ver a universidade inserida nesse contexto de colaboração e conhecimento”, afirmou.O secretário Edelvino Góes fez questão de parabenizar a soldado Cleide, que participou do evento através de videoconferência, e ressaltou a relevância do SEI Bahia na execução dos trabalhos na máquina pública. “Nós já viemos celebrando todas essas marcas importantes porque estamos vivenciando um momento valoroso para a administração pública. A Bahia foi pioneira entre os estados porque foi a primeira a solicitar a cessão de uso do SEI ao Tribunal Regional Federal da 4ª Região (TRF4). Com os números alcançados pelo sistema, nós confirmamos o êxito da nossa estratégia de implementar o sistema no Estado”, destacou. Também estiveram presentes à celebração, a coordenadora de Ensino à Distância da Ucsal Érica Elena, André Jesus e Éric Freitas, que atuam no Setor Comercial da universidade; além do diretor de Inovação e Projeto de TIC da Saeb, Anderson Vasconcelos, e do coordenador de Inovação Tecnológica do SEI Bahia, Márcio Souza.SEI – O SEI Bahia foi implantado pela Saeb em 2017. O sistema foi instalado gradativamente nos órgãos da administração direta, indireta e nas empresas e fundações do Estado. Seis anos depois, o SEI Bahia está consolidado no Estado e apresenta números superlativos: o Estado deixou de utilizar 911 milhões de folhas de papel ofício, gerando uma economia total de R$ 182 milhões, incluindo gastos com impressão, transporte, material de escritório, dentre outros. Além da economia para os cofres públicos, o SEI Bahia proporcionou mais eficiência para o Estado, com ganhos de produtividade relevantes.O sistema possui atualmente 194 mil usuários, sendo que 53 mil são servidores e mais de 141 mil são usuários externos (cidadãos ou empresas que precisem atuar em algum tipo de processo administrativo). Até o momento, 73,9 milhões de documentos foram gerados dentro do no sistema, em mais de 1 mil tipos de processos diferentes. Destes, 763 são processos finalísticos e outros 321 sistêmicos. O SEI Bahia foi desenvolvido Tribunal Regional Federal da 4ª Região (TRF4) e cedido sem ônus para a Secretaria da Administração, que adaptou o sistema às suas necessidades, em parceria com a Prodeb. Com a iniciativa, o Estado deixou de consumir mais de 911 milhões de folhas de papel, o que proporcionou a preservação de mais de 45 mil árvores."
